{
  "schemaVersion": 1,
  "id": "sanixfm",
  "version": "Alpha 1.0",

  "name": "Sanix Fabric Mod",
  "description": "This is a mod that adds new blocks like the Sanix block and adds items, weapons, armour and many more!",
  "authors": [
    "Sanixboi",
    "Subscribe to Sanixboi",
    "https://www.youtube.com/channel/UC8ei-X0EuRI1iGCl2k4x4_Q"
  ],
  "contact": {
    "homepage": "https://www.youtube.com/channel/UC8ei-X0EuRI1iGCl2k4x4_Q",
    "sources": "https://github.com/Sanixboi/Sanix-Fabric-Mod/"
  },

  "license": "CC0-1.0",
  "icon": "assets/sanixfm/icon.png",

  "environment": "*",
  "entrypoints": {
    "main": [
      "net.Sanix.Fabric.Mod.SanixFM"
    ],

    "client": [
	"net.Sanix.Fabric.Mod.SanixFMClient"
    ]

  },
  "mixins": [
  	"sanixfm.mixins.json"
  ],

  "depends": {
    "fabricloader": ">=0.7.2",
    "fabric": "*",
    "minecraft": "1.15.x"
  },
  "suggests": {
    "flamingo": "*"
  }
}
