{
    "type": "minecraft:crafting_shaped",
    "group": "blackdiamond",
    "pattern": [
        "###",
        "#D#",
        "###"
    ],
    "key": {
        "#": {
            "item": "minecraft:coal_block"
        },
        "D": {
            "item": "minecraft:diamond"
        }
    },
    "result": {
        "item": "sanixfm:black_diamond",
        "count": 1
    }
}

{
    "type": "minecraft:crafting_shaped",
    "pattern": [
        "#"
    ],
    "key": {
        "#": {
            "item": "sanixfm:black_diamond_block"
        }
    },
    "result": {
        "item": "sanixfm:black_diamond",
        "count": 9
    }
}